[
    {
      "nome": "Abraão",
      "tipoUnidade":"cs",
      "endereco": "https://goo.gl/maps/zr9Vj4HmdssZ2qfj9",
      "zapCadastro": "554832495844",
      "emailCoord": "csabraao.pmf@gmail.com",
      "equipes": [
        {
          "idEquipe": "510",
          "cor":"Verde",
          "contatos": [
            {
              "tel_num": "5548988299952",
              "tel_icon": "zap"
            }
          ],
          "email": "csabraao570.pmf@gmail.com"
        },
        {
          "idEquipe": "571",
          "cor":"Laranja",
          "contatos": [
            {
              "tel_num": "5548988310083",
              "tel_icon": "zap"
            }
          ],
          "email": "csabraao571.pmf@gmail.com"
        },
        {
          "idEquipe": "572",
          "cor":"Azul",
          "contatos": [
            {
              "tel_num": "5548988312325",
              "tel_icon": "zap"
            }
          ],
          "email": "csabraao572.pmf@gmail.com"
        },
        {
          "descricao": "Saúde Bucal",
          "contatos":[
            {
              "tel_num": "554832495844",
              "tel_icon": "zap"
            }
          ]
        }
      ],
      "servicos": [
        {
          "descricao": "Dúvidas gerais",
          "contatos": [
            {
              "tel_num": "554832495844",
              "tel_icon": "zap"
            }
          ]
        },
        {
          "descricao": "Recepção",
          "contatos": [
            {
              "tel_num": "32495844",
              "tel_icon": "tel"
            }
          ]
        },
        {
          "descricao": "Agendamento de consultas especializadas e exames",
          "contatos": [
            {
              "tel_num": "5548988379076",
              "tel_icon": "zap"
            }
          ]
        }
      ],
      "social": [
        {
          "rede": "linktree",
          "link": "https://linktr.ee/csabraao"
        }
      ]
    },
    {
      "nome": "Agronômica",
      "tipoUnidade":"cs",
      "endereco": "https://goo.gl/maps/zr9Vj4HmdssZ2qfj9",
      "zapCadastro": "554832281310",
      "linkCadastro": "https://docs.google.com/forms/d/e/1FAIpQLSfRqVOelYmqjhAcfbbz1LGZDtYcIi9Z7fLa-tF8dEgr--w6ng/viewform",
      "emailCoord": "centrosaudeagronomica@gmail.com",
      "equipes": [
        {
          "idEquipe": "690",
          "cor":"Laranja",
          "contatos": [
            {
              "tel_num": "5548988420040",
              "tel_icon": "zap"
            }
          ],
          "email": "690csagronomica@gmail.com"
        },
        {
          "idEquipe": "691",
          "cor":"Verde",
          "contatos": [
            {
              "tel_num": "5548988353040",
              "tel_icon": "zap"
            }
          ],
          "email": "691csagronomica@gmail.com"
        },
        {
          "idEquipe": "692",
          "cor":"Rosa",
          "contatos": [
            {
              "tel_num": "5548988420897",
              "tel_icon": "zap"
            }
          ],
          "email": "csagronomica692@gmail.com"
        },
        {
          "idEquipe": "693",
          "cor":"Azul",
          "contatos": [
            {
              "tel_num": "5548988423768",
              "tel_icon": "zap"
            }
          ],
          "email": "csagronomica693@gmail.com"
        },
        {
          "idEquipe": "694",
          "cor":"Lilás",
          "contatos": [
            {
              "tel_num": "5548988312325",
              "tel_icon": "zap"
            }
          ],
          "email": "694csagronomica@gmail.com"
        },
        {
          "descricao": "Saúde Bucal",
          "contatos":[
            {
              "tel_num": "5548988357152",
              "tel_icon": "zap"
            }
          ]
        }
      ],
      "servicos": [
        {
          "descricao": "Dúvidas gerais",
          "contatos": [
            {
              "tel_num": "554832281310",
              "tel_icon": "zap"
            }
          ]
        },
        {
          "descricao": "Recepção",
          "contatos": [
            {
              "tel_num": "32281809",
              "tel_icon": "tel"
            }
          ]
        }
      ],
      "social": [
        {
          "rede": "linktree",
          "link": "https://linktr.ee/csagronomica"
        },
        {
          "rede": "facebook",
          "link": "https://www.facebook.com/centrodesaudeagronomica"
        },
        {
          "rede": "instagram",
          "link": "https://instagram.com/cs_agronomica?utm_medium=copy_link"
        }
      ]
    },
    {
      "nome": "Alto Ribeirão",
      "tipoUnidade":"cs",
      "endereco": "https://g.page/csaltoribeirao?share",
      "zapCadastro": "554832333989",
      "emailCoord": "csaltoribeirao@gmail.com",
      "equipes": [
        {
          "descricao": "210 - Verde",
          "contatos": [
            {
              "tel_num": "5548988414317",
              "tel_icon": "zap"
            }
          ],
          "email": "equipe1altoribeirao@gmail.com"
        },
        {
          "idEquipe": "211",
          "cor":"Azul",
          "contatos": [
            {
              "tel_num": "5548988415373",
              "tel_icon": "zap"
            }
          ],
          "email": "e211altoribeirao@gmail.com"
        },
        {
          "idEquipe": "212",
          "cor":"Lilás",
          "contatos": [
            {
              "tel_num": "5548988372609",
              "tel_icon": "zap"
            }
          ],
          "email": "e212altoribeirao@gmail.com"
        },
        {
          "descricao": "Saúde Bucal",
          "contatos":[
            {
              "tel_num": "5548988351394" ,
              "tel_icon": "zap"
            }
          ]
        }
      ],
      "servicos": [
        {
          "descricao": "Dúvidas gerais",
          "contatos": [
            {
              "tel_num": "554832333989",
              "tel_icon": "zap"
            }
          ]
        },
        {
          "descricao": "Recepção",
          "contatos": [
            {
              "tel_num": "32333989",
              "tel_icon": "tel"
            }
          ]
        }
      ],
      "social": [
        {
          "rede": "linktree",
          "link": "https://linktr.ee/csalto"
        },
        {
          "rede": "facebook",
          "link": "https://www.facebook.com/centrodesaudealtoribeirao"
        },
        {
          "rede": "instagram",
          "link": "https://www.instagram.com/centrodesaudealtoribeirao"
        }
      ]
    },
    {
      "nome": "Armação",
      "tipoUnidade":"cs",
      "endereco": "https://g.page/csarmacao?share",
      "zapCadastro": "554833895120",
      "emailCoord": "csarmacao@gmail.com",
      "equipes": [
        {
          "idEquipe": "240",
          "cor":"Azul",
          "contatos": [
            {
              "tel_num": "5548988416893",
              "tel_icon": "zap"
            }
          ],
          "email": "armacao240@gmail.com"
        },
        {
          "idEquipe": "241",
          "cor":"Verde",
          "contatos": [
            {
              "tel_num": "5548991196051",
              "tel_icon": "zap"
            }
          ],
          "email": "armacao241@gmail.com"
        },
        {
          "idEquipe": "242",
          "cor":"Lilás",
          "contatos": [
            {
              "tel_num": "5548988369105",
              "tel_icon": "zap"
            }
          ],
          "email": "armacao242@gmail.com"
        },
        {
          "descricao": "Saúde Bucal",
          "email": "odontoarmacao@gmail.com"
        }
      ],
      "servicos": [
        {
          "descricao": "Dúvidas gerais e Agendamento de vacinas",
          "contatos": [
            {
              "tel_num": "554833895120",
              "tel_icon": "zap"
            }
          ]
        },
        {
          "descricao": "Recepção",
          "contatos": [
            {
              "tel_num": "33895014",
              "tel_icon": "tel"
            }
          ]
        }
      ],
      "social": [
        {
          "rede": "Página do CS",
          "link": "https://centro-de-saude-armacao.negocio.site/?utm_source=gmb&utm_medium=referral"
        },
        {
          "rede": "instagram",
          "link": "https://www.instagram.com/csarmacao"
        }
      ]
    },
    {
      "nome": "Balneário",
      "tipoUnidade":"cs",
      "endereco": "https://g.page/centrodesaudebalneario?share",
      "zapCadastro": "554832481620",
      "emailCoord": "csbalneario.pmf@gmail.com",
      "equipes": [
        {
          "idEquipe": "20",
          "cor":"Laranja",
          "contatos": [
            {
              "tel_num": "5548988382480",
              "tel_icon": "zap"
            }
          ],
          "email": "csbalneario020.pmf@gmail.com"
        },
        {
          "idEquipe": "21",
          "cor":"Verde",
          "contatos": [
            {
              "tel_num": "5548988382937",
              "tel_icon": "zap"
            }
          ],
          "email": "csbalneario021.pmf@gmail.com"
        },
        {
          "descricao": "Saúde Bucal",
          "contatos":[
            {
              "tel_num": "5548984150250" ,
              "tel_icon": "zap"
            }
          ]
        }
      ],
      "servicos": [
        {
          "descricao": "Dúvidas gerais",
          "contatos": [
            {
              "tel_num": "554832481620",
              "tel_icon": "zap"
            }
          ]
        },
        {
          "descricao": "Recepção",
          "contatos": [
            {
              "tel_num": "32481620",
              "tel_icon": "tel"
            }
          ]
        }
      ],
      "social": [
        {
          "rede":"linktree",
          "link":"https://linktr.ee/csbalneario"
        },
        {
          "rede": "instagram",
          "link": "https://www.instagram.com/centrodesaudebalneario"
        }
      ]
    },
    {
      "nome": "Barra da Lagoa",
      "tipoUnidade":"cs",
      "endereco": "https://goo.gl/maps/Zw4pg62JNKJf2yHHA",
      "zapCadastro": "554832323302",
      "emailCoord": "coordenacaocsbarradalagoa@gmail.com",
      "equipes": [
        {
          "idEquipe": "440",
          "cor":"Laranja",
          "contatos": [
            {
              "tel_num": "5548988319419",
              "tel_icon": "zap"
            }
          ],
          "email": "csbarra440@gmail.com"
        },
        {
          "idEquipe": "441",
          "cor":"Verde",
          "contatos": [
            {
              "tel_num": "5548988319598",
              "tel_icon": "zap"
            }
          ],
          "email": "csbarra441@gmail.com"
        },
        {
          "idEquipe": "442",
          "cor":"Azul",
          "contatos": [
            {
              "tel_num": "5548988320811",
              "tel_icon": "zap"
            }
          ],
          "email": "csbarra442@gmail.com"
        },
        {
          "descricao": "Saúde Bucal",
          "contatos":[
            {
              "tel_num": "554832267281" ,
              "tel_icon": "zap"
            }
          ]
        }
      ],
      "servicos": [
        {
          "descricao": "Dúvidas gerais",
          "contatos": [
            {
              "tel_num": "554832323302",
              "tel_icon": "zap"
            }
          ]
        },
        {
          "descricao": "Recepção",
          "contatos": [
            {
              "tel_num": "32323302",
              "tel_icon": "tel"
            }
          ]
        }
      ],
      "social": [
        {
          "rede":"linktree",
          "link":"https://linktr.ee/csbarradalagoa"
        },
        {
          "rede": "instagram",
          "link": "https://www.instagram.com/csbarradalagoa"
        }
      ]
    },
    {
      "nome": "Cachoeira do Bom Jesus",
      "tipoUnidade":"cs",
      "endereco": "https://g.page/cscachoeira?share",
      "linkCadastro": "https://forms.gle/t59vVjxWagv8CGrDA",
      "zapCadastro": "Whatsapp indisponível. Para cadastro, utilize o formulário no link acima.",
      "emailCoord": "cscachoeiracoordenacao@gmail.com",
      "equipes": [
        {
          "idEquipe": "400",
          "cor":"Verde",
          "contatos": [
            {
              "tel_num": "5548988336207",
              "tel_icon": "zap"
            }
          ],
          "email": "cscachoeira400@gmail.com"
        },
        {
          "idEquipe": "401",
          "cor":"Azul",
          "contatos": [
            {
              "tel_num": "5548988337222",
              "tel_icon": "zap"
            }
          ],
          "email": "cscachoeira401@gmail.com"
        },
        {
          "idEquipe": "402",
          "cor":"Amarela",
          "contatos": [
            {
              "tel_num": "5548988396390",
              "tel_icon": "zap"
            }
          ],
          "email": "cscachoeira402@gmail.com"
        },
        {
          "descricao": "Saúde Bucal",
          "contatos":[
            {
              "tel_num": "554832846045" ,
              "tel_icon": "zap"
            }
          ]
        }
      ],
      "servicos": [
        {
          "descricao": "Dúvidas gerais",
          "contatos": [
            {
              "tel_num": "554832846045",
              "tel_icon": "zap"
            }
          ]
        },
        {
          "descricao": "Recepção",
          "contatos": [
            {
              "tel_num": "32846045",
              "tel_icon": "tel"
            }
          ]
        }
      ],
      "social": [
        {
          "rede":"linktree",
          "link":"https://linktr.ee/cscachoeira"
        },
        {
          "rede": "instagram",
          "link": "cscachoeiracoordenacao@gmail.com"
        }
      ]
    },
    {
      "nome": "Caieira da Barra do Sul",
      "tipoUnidade":"cs",
      "endereco": "https://goo.gl/maps/6pnntiyoc94AWz2v5",
      "zapCadastro": "554832376239",
      "emailCoord": "cscaieirabsul@gmail.com",
      "equipes": [
        {
          "idEquipe": "200",
          "cor":"Lilás",
          "contatos": [
            {
              "tel_num": "5548988316073",
              "tel_icon": "zap"
            }
          ],
          "email": "caieiraequipesaude@gmail.com"
        }
      ],
      "servicos": [
        {
          "descricao": "Dúvidas gerais",
          "contatos": [
            {
              "tel_num": "554832376239",
              "tel_icon": "zap"
            }
          ]
        },
        {
          "descricao": "Recepção",
          "contatos": [
            {
              "tel_num": "32376239",
              "tel_icon": "tel"
            }
          ]
        }
      ],
      "social": [
        {
          "rede":"linktree",
          "link":"https://linktr.ee/cscaieira"
        },
        {
          "rede": "instagram",
          "link": "https://www.instagram.com/cscaieiradabarradosul"
        }
      ]
    },
    {
      "nome": "Campeche",
      "tipoUnidade":"cs",
      "endereco": "https://goo.gl/maps/FPhiwk1iuWb29xEW6",
      "zapCadastro": "554832374524",
      "emailCoord": "cscampeche@gmail.com",
      "equipes": [
        {
          "idEquipe": "280",
          "cor":"Verde",
          "contatos": [
            {
              "tel_num": "5548988329154",
              "tel_icon": "zap"
            }
          ],
          "email": "cscampeche280.pmf@gmail.com"
        },
        {
          "idEquipe": "281",
          "cor":"Azul",
          "contatos": [
            {
              "tel_num": "5548988329650",
              "tel_icon": "zap"
            }
          ],
          "email": "cscampeche281.pmf@gmail.com"
        },
        {
          "idEquipe": "282",
          "cor":"Amarela",
          "contatos": [
            {
              "tel_num": "5548988332842",
              "tel_icon": "zap"
            }
          ],
          "email": "cscampeche282.pmf@gmail.com"
        },
        {
          "idEquipe": "283",
          "cor":"Laranja",
          "contatos": [
            {
              "tel_num": "5548988374751",
              "tel_icon": "zap"
            }
          ],
          "email": "cscampeche283.pmf@gmail.com"
        },
        {
          "descricao": "Saúde Bucal",
          "contatos":[
            {
              "tel_num": "5548988367624" ,
              "tel_icon": "zap"
            }
          ]
        }
      ],
      "servicos": [
        {
          "descricao": "Dúvidas gerais",
          "contatos": [
            {
              "tel_num": "554832374524",
              "tel_icon": "zap"
            }
          ]
        },
        {
          "descricao": "Recepção",
          "contatos": [
            {
              "tel_num": "32374524",
              "tel_icon": "tel"
            }
          ]
        },
        {
          "descricao": "Vacinação e procedimentos de enfermagem",
          "contatos": [
            {
              "tel_num": "5548988168536",
              "tel_icon": "zap"
            }
          ]
        }
      ],
      "social": [
        {
          "rede":"facebook",
          "link":"https://www.facebook.com/CentroSaudeCampeche"
        },
        {
          "rede": "instagram",
          "link": "https://www.instagram.com/unidadecampeche/"
        }
      ]
    },
    {
      "nome": "Canasvieiras",
      "tipoUnidade":"cs",
      "endereco": "https://goo.gl/maps/PuLkBULAvESzWbpK8",
      "zapCadastro": "554832696902",
      "emailCoord": "cscanasvieiras@gmail.com",
      "equipes": [
        {
          "idEquipe": "380",
          "cor":"Azul",
          "contatos": [
            {
              "tel_num": "5548988093001",
              "tel_icon": "zap"
            }
          ],
          "email": "cscanasvieiras380@gmail.com"
        },
        {
          "idEquipe": "381",
          "cor":"Amarela",
          "contatos": [
            {
              "tel_num": "5548988098936",
              "tel_icon": "zap"
            }
          ],
          "email": "cscanasvieiras381@gmail.com"
        },
        {
          "idEquipe": "382",
          "cor":"Verde",
          "contatos": [
            {
              "tel_num": "5548988113010",
              "tel_icon": "zap"
            }
          ],
          "email": "cscanasvieiras382@gmail.com"
        },
        {
          "idEquipe": "383",
          "cor":"Lilás",
          "contatos": [
            {
              "tel_num": "5548988126012",
              "tel_icon": "zap"
            }
          ],
          "email": "cscanasvieiras383@gmail.com"
        },
        {
          "idEquipe": "384",
          "cor":"Rosa",
          "contatos": [
            {
              "tel_num": "5548988135275",
              "tel_icon": "zap"
            }
          ],
          "email": "cscanasvieiras384@gmail.com"
        },
        {
          "descricao": "Saúde Bucal (Equipes - 381 e 382)",
          "contatos":[
            {
              "tel_num": "554832667063" ,
              "tel_icon": "zap"
            }
          ]
        },
        {
          "descricao": "Saúde Bucal (Equipes - 380, 383 e 384)",
          "contatos":[
            {
              "tel_num": "554832666293" ,
              "tel_icon": "zap"
            }
          ]
        }
      ],
      "servicos": [
        {
          "descricao": "Dúvidas gerais",
          "contatos": [
            {
              "tel_num": "554832696902",
              "tel_icon": "zap"
            }
          ]
        },
        {
          "descricao": "Recepção",
          "contatos": [
            {
              "tel_num": "32696902",
              "tel_icon": "tel"
            }
          ]
        }
      ],
      "social": [
        {
          "rede":"linktree",
          "link":"https://linktr.ee/cscanasvieiras"
        }
      ]
    },
    {
      "nome": "Canto da Lagoa",
      "tipoUnidade":"cs",
      "endereco": "https://goo.gl/maps/mHLojq6tKbeYAFsx6",
      "zapCadastro": "554832326121",
      "emailCoord": "cscantodalagoa@gmail.com",
      "equipes": [
        {
          "idEquipe": "450",
          "cor":"Laranja",
          "contatos": [
            {
              "tel_num": "5548988316073",
              "tel_icon": "zap"
            }
          ],
          "email": "cscantodalagoa450@gmail.com"
        }
      ],
      "servicos": [
        {
          "descricao": "Dúvidas gerais",
          "contatos": [
            {
              "tel_num": "554832326121",
              "tel_icon": "zap"
            }
          ]
        },
        {
          "descricao": "Recepção",
          "contatos": [
            {
              "tel_num": "32326121",
              "tel_icon": "tel"
            }
          ]
        }
      ]
    },
    {
      "nome": "Capivari",
      "tipoUnidade":"cs",
      "endereco": "https://goo.gl/maps/EmRqZY2U4C831eYZ8",
      "zapCadastro": "554832075478",
      "emailCoord": "centrodesaudecapivari@gmail.com",
      "equipes": [
        {
          "idEquipe": "990",
          "cor":"Verde",
          "contatos": [
            {
              "tel_num": "5548992002746",
              "tel_icon": "zap"
            }
          ],
          "email": "cscapivari990@gmail.com"
        },
        {
          "idEquipe": "991",
          "cor":"Laranja",
          "contatos": [
            {
              "tel_num": "5548992002849",
              "tel_icon": "zap"
            }
          ],
          "email": "cscapivari991@gmail.com"
        },
        {
          "idEquipe": "992",
          "cor":"Lilás",
          "contatos": [
            {
              "tel_num": "5548992002976",
              "tel_icon": "zap"
            }
          ],
          "email": "cscapivari992@gmail.com"
        },
        {
          "idEquipe": "993",
          "cor":"Amarela",
          "contatos": [
            {
              "tel_num": "5548992002838",
              "tel_icon": "zap"
            }
          ],
          "email": "cscapivari993@gmail.com"
        },
        {
          "idEquipe": "994",
          "cor":"Rosa",
          "contatos": [
            {
              "tel_num": "5548992002838",
              "tel_icon": "zap"
            }
          ],
          "email": "cscapivari994@gmail.com"
        },
        {
          "descricao": "Saúde Bucal (Equipes - 381 e 382)",
          "contatos":[
            {
              "tel_num": "554832667063" ,
              "tel_icon": "zap"
            }
          ]
        }
      ],
      "servicos": [
        {
          "descricao": "Dúvidas gerais",
          "contatos": [
            {
              "tel_num": "554832075478",
              "tel_icon": "zap"
            }
          ]
        },
        {
          "descricao": "Recepção",
          "contatos": [
            {
              "tel_num": "32075478",
              "tel_icon": "tel"
            }
          ]
        },
        {
          "descricao": "Sala Administração",
          "contatos": [
            {
              "tel_num": "33694496",
              "tel_icon": "tel"
            }
          ]
        }
      ],
      "social": [
        {
          "rede":"instagram",
          "link":"https://instagram.com/centrodesaudecapivari?igshid=YmMyMTA2M2Y="
        }
      ]
    },
    {
      "nome": "CAPS - Pontal do Coral",
      "tipoUnidade":"caps",
      "endereco": "https://goo.gl/maps/vgLznz9M5vTynXs37",
      "equipes": [
        {
          "descricao": "Recepção",
          "contatos": [
            {
              "tel_num": "32285074",
              "tel_icon": "tel"
            }
          ]
        }
      ]
    },
    {
      "nome": "CAPSAD - Continente",
      "tipoUnidade":"caps",
      "endereco": "https://goo.gl/maps/fWRnPU4eCvZBv3DFA",
      "equipes": [
        {
          "descricao": "Recepção",
          "contatos": [
            {
              "tel_num": "32405472",
              "tel_icon": "tel"
            }
          ]
        }
      ],
      "social": [
        {
          "rede":"facebook",
          "link":"https://pt-br.facebook.com/capsadcontinente/"
        }
      ]
    },
    {
      "nome": "CAPSAD - Ilha",
      "tipoUnidade":"caps",
      "endereco": "https://goo.gl/maps/T2WxExPCH1uemYNR9",
      "equipes": [
        {
          "descricao": "Recepção",
          "contatos": [
            {
              "tel_num": "32389926",
              "tel_icon": "tel"
            }
          ]
        }
      ]
    },
    {
      "nome": "CAPSI - Infantil",
      "tipoUnidade":"caps",
      "endereco": "https://goo.gl/maps/Daj2oJokWfFzdoZk6",
      "equipes": [
        {
          "descricao": "Recepção",
          "contatos": [
            {
              "tel_num": "33241399",
              "tel_icon": "tel"
            }
          ]
        }
      ]
    },
    {
      "nome": "Capoeiras",
      "tipoUnidade":"cs",
      "endereco": "https://goo.gl/maps/EAxA2LsKrNJChsuF8",
      "zapCadastro": "554832481621",
      "emailCoord": "cscapoeiras@gmail.com",
      "equipes": [
        {
          "idEquipe": "60",
          "cor":"Laranja",
          "contatos": [
            {
              "tel_num": "5548988450445",
              "tel_icon": "zap"
            }
          ],
          "email": "cscapoeiras60.pmf@gmail.com"
        },
        {
          "idEquipe": "61",
          "cor":"Verde",
          "contatos": [
            {
              "tel_num": "5548988451494",
              "tel_icon": "zap"
            }
          ],
          "email": "cscapoeiras61.pmf@gmail.com"
        },
        {
          "idEquipe": "62",
          "cor":"Lilás",
          "contatos": [
            {
              "tel_num": "5548988317954",
              "tel_icon": "zap"
            }
          ],
          "email": "cscapoeiras62.pmf@gmail.com"
        }
      ],
      "servicos": [
        {
          "descricao": "Dúvidas gerais",
          "contatos": [
            {
              "tel_num": "554832481621",
              "tel_icon": "zap"
            }
          ]
        },
        {
          "descricao": "Recepção",
          "contatos": [
            {
              "tel_num": "32481621",
              "tel_icon": "tel"
            }
          ]
        }
      ],
      "social": [
        {
          "rede":"linktree",
          "link":"https://linktr.ee/cscapoeiras"
        }
      ]
    },
    {
      "nome": "Carianos",
      "tipoUnidade":"cs",
      "endereco": "https://goo.gl/maps/vnLKoTrxvagRsKSL8",
      "zapCadastro": "554833381125",
      "emailCoord": "carianos.pmf@gmail.com",
      "equipes": [
        {
          "idEquipe": "270",
          "cor":"Azul",
          "contatos": [
            {
              "tel_num": "5548988333933",
              "tel_icon": "zap"
            }
          ],
          "email": "area270carianos@gmail.com"
        },
        {
          "idEquipe": "271",
          "cor":"Verde",
          "contatos": [
            {
              "tel_num": "5548988335579",
              "tel_icon": "zap"
            }
          ],
          "email": "equipe271carianos@gmail.com"
        },
        {
          "idEquipe": "272",
          "cor":"Lilás",
          "contatos": [
            {
              "tel_num": "5548988373138",
              "tel_icon": "zap"
            }
          ],
          "email": "equipe.area272@gmail.com"
        }
      ],
      "servicos": [
        {
          "descricao": "Dúvidas gerais",
          "contatos": [
            {
              "tel_num": "554833381125",
              "tel_icon": "zap"
            }
          ]
        },
        {
          "descricao": "Recepção",
          "contatos": [
            {
              "tel_num": "33381125",
              "tel_icon": "tel"
            }
          ]
        }
      ],
      "social": [
        {
          "rede":"facebook",
          "link":"https://www.facebook.com/Centro-de-Sa%C3%BAde-Carianos-102010661443318"
        },
        {
          "rede":"instagram",
          "link":"https://www.instagram.com/cscarianos"
        },
        {
          "rede":"linktree",
          "link":"https://linktr.ee/cs.carianos"
        }
      ]
    },
    {
      "nome": "Centro",
      "tipoUnidade":"cs",
      "endereco": "http://bit.ly/AutocadastroCSCentroFloripa",
      "zapCadastro": "554839520127",
      "emailCoord": "cscentropmf@gmail.com",
      "equipes": [
        {
          "idEquipe": "950",
          "cor":"Vermelha",
          "contatos": [
            {
              "tel_num": "5548988093001",
              "tel_icon": "zap"
            }
          ],
          "email": "centro.area950@gmail.com"
        },
        {
          "idEquipe": "951",
          "cor":"Laranja",
          "contatos": [
            {
              "tel_num": "5548988098936",
              "tel_icon": "zap"
            }
          ],
          "email": "centro.area951@gmail.com@gmail.com"
        },
        {
          "idEquipe": "952",
          "cor":"Amarela",
          "contatos": [
            {
              "tel_num": "5548988113010",
              "tel_icon": "zap"
            }
          ],
          "email": "centro.area952@gmail.com"
        },
        {
          "idEquipe": "953",
          "cor":"Verde",
          "contatos": [
            {
              "tel_num": "5548988126012",
              "tel_icon": "zap"
            }
          ],
          "email": "centro.area953@gmail.com"
        },
        {
          "descricao": "Saúde Bucal",
          "contatos":[
            {
              "tel_num": "5548988511683" ,
              "tel_icon": "zap"
            }
          ]
        }
      ],
      "servicos": [
        {
          "descricao": "Dúvidas gerais",
          "contatos": [
            {
              "tel_num": "554839520127",
              "tel_icon": "zap"
            }
          ]
        },
        {
          "descricao": "Recepção",
          "contatos": [
            {
              "tel_num": "39520127",
              "tel_icon": "tel"
            }
          ]
        },
        {
          "descricao": "Sala de Vacinas",
          "contatos": [
            {
              "tel_num": "39520128",
              "tel_icon": "tel"
            }
          ]
        },
        {
          "descricao": "Agendamento de consultas especializadas e exames",
          "contatos": [
            {
              "tel_num": "5548988377708",
              "tel_icon": "zap"
            }
          ]
        }
      ],
      "social": [
        {
          "rede":"linktree",
          "link":"https://linktr.ee/cscentropmf"
        },
        {
          "rede":"instagram",
          "link":"https://www.instagram.com/cscentro.pmf"
        }
      ]
    },
    {
    "nome": "Coloninha",
    "tipoUnidade":"cs",
    "endereco": "https://goo.gl/maps/wxpraC6JsuwHVsNdA",
    "zapCadastro": "554832442891",
    "emailCoord": "cscoloninha@gmail.com",
    "equipes": [
      {
        "idEquipe": "70",
        "cor":"Azul",
        "contatos": [
          {
            "tel_num": "5548988408940",
            "tel_icon": "zap"
          }
        ],
        "email": "cscoloninha070pmf@gmail.com"
      },
      {
        "idEquipe": "71",
        "cor":"Verde",
        "contatos": [
          {
            "tel_num": "554888315047",
            "tel_icon": "zap"
          }
        ],
        "email": "cscoloninha071pmf@gmail.com"
      },
      {
        "idEquipe": "72",
        "cor":"Rosa",
        "contatos": [
          {
            "tel_num": "5548998345698",
            "tel_icon": "zap"
          }
        ],
        "email": "cscoloninha072pmf@gmail.com"
      }
    ],
    "servicos": [
      {
        "descricao": "Dúvidas gerais",
        "contatos": [
          {
            "tel_num": "554832442891",
            "tel_icon": "zap"
          }
        ]
      },
      {
        "descricao": "Recepção",
        "contatos": [
          {
            "tel_num": "32442891",
            "tel_icon": "tel"
          }
        ]
      }
    ],
    "social": [
      {
        "rede":"linktree",
        "link":"https://linktr.ee/cscoloninha"
      }
    ]
  },
  {
    "nome": "Coqueiros",
    "tipoUnidade":"cs",
    "endereco": "https://g.page/cscoqueiros?share",
    "zapCadastro": "554832480451",
    "linkCadastro":"https://docs.google.com/forms/d/e/1FAIpQLSdcYyCw45dynUGK1mpRuqYFsMSI9b4gohjiWgDJCQzQlYdCWw/viewform",
    "emailCoord": "cscoqueiros@gmail.com",
    "equipes": [
      {
        "idEquipe": "600",
        "cor":"Laranja",
        "contatos": [
          {
            "tel_num": "5548988183443",
            "tel_icon": "zap"
          }
        ],
        "email": "equipe600coqueiros@gmail.com"
      },
      {
        "idEquipe": "601",
        "cor":"Verde",
        "contatos": [
          {
            "tel_num": "5548988187752",
            "tel_icon": "zap"
          }
        ],
        "email": "equipe601coqueiros@gmail.com"
      },
      {
        "idEquipe": "602",
        "cor":"Rosa",
        "contatos": [
          {
            "tel_num": "5548988191902",
            "tel_icon": "zap"
          }
        ],
        "email": "equipe602coqueiros@gmail.com"
      }
    ],
    "servicos": [
      {
        "descricao": "Dúvidas gerais",
        "contatos": [
          {
            "tel_num": "554832480451",
            "tel_icon": "zap"
          }
        ]
      },
      {
        "descricao": "Recepção",
        "contatos": [
          {
            "tel_num": "32480451",
            "tel_icon": "tel"
          }
        ]
      }
    ],
    "social": [
      {
        "rede":"linktree",
        "link":"https://linktr.ee/cscoqueiros"
      }
    ]
  },
  {
    "nome": "Córrego Grande",
    "tipoUnidade":"cs",
    "endereco": "https://goo.gl/maps/fWwaT6CCrD7YuNLv6",
    "zapCadastro": "554832269406",
    "linkCadastro":"http://bit.ly/AutocadastroCSCorregogrande",
    "emailCoord": "cscorregogrande@gmail.com",
    "equipes": [
      {
        "idEquipe": "170",
        "cor":"Amarela",
        "contatos": [
          {
            "tel_num": "5548988171498",
            "tel_icon": "zap"
          }
        ],
        "email": "cscorregogrande170@gmail.com"
      },
      {
        "idEquipe": "171",
        "cor":"Verde",
        "contatos": [
          {
            "tel_num": "5548988270685",
            "tel_icon": "zap"
          }
        ],
        "email": "cscorregogrande171@gmail.com"
      },
      {
        "idEquipe": "172",
        "cor":"Laranja",
        "contatos": [
          {
            "tel_num": "5548988022329",
            "tel_icon": "zap"
          }
        ],
        "email": "cscorregogrande172@gmail.com"
      },
      {
        "idEquipe": "173",
        "cor":"Rosa",
        "contatos": [
          {
            "tel_num": "5548988351997",
            "tel_icon": "zap"
          }
        ],
        "email": "cscorregogrande173@gmail.com"
      }
    ],
    "servicos": [
      {
        "descricao": "Dúvidas gerais",
        "contatos": [
          {
            "tel_num": "554832269406",
            "tel_icon": "zap"
          }
        ]
      },
      {
        "descricao": "Recepção",
        "contatos": [
          {
            "tel_num": "3234-1328",
            "tel_icon": "tel"
          }
        ]
      }
    ],
    "social": [
      {
        "rede":"instagram",
        "link":"https://www.instagram.com/cscorregogrande"
      },
      {
        "rede":"linktree",
        "link":"https://linktr.ee/corregograndecs"
      }
    ]
  },
  {
    "nome": "Costa da Lagoa",
    "tipoUnidade":"cs",
    "endereco": "https://goo.gl/maps/FrGbkaLEQBPpHRFE9",
    "zapCadastro": "554833353119",
    "emailCoord": "cscostadalagoa@gmail.com",
    "equipes": [
      {
        "idEquipe": "460",
        "cor":"Azul",
        "contatos": [
          {
            "tel_num": "5548988317497",
            "tel_icon": "zap"
          }
        ],
        "email": "cscostadalagoa@gmail.com"
      }
    ],
    "servicos": [
      {
        "descricao": "Dúvidas gerais",
        "contatos": [
          {
            "tel_num": "554833353119",
            "tel_icon": "zap"
          }
        ]
      },
      {
        "descricao": "Recepção",
        "contatos": [
          {
            "tel_num": "33353119",
            "tel_icon": "tel"
          }
        ]
      }
    ],
    "social": [
      {
        "rede":"linktree",
        "link":"Redes sociais não disponíveis"
      }
    ]
  },
  {
    "nome": "Costeira do Pirajubaé",
    "tipoUnidade":"cs",
    "endereco": "https://goo.gl/maps/bdmng2V4m11iGgGu8",
    "zapCadastro": "554832263333",
    "emailCoord": "cscosteira@gmail.com",
    "equipes": [
      {
        "idEquipe": "300",
        "cor":"Azul",
        "contatos": [
          {
            "tel_num": "5548988364943",
            "tel_icon": "zap"
          }
        ],
        "email": "cscosteira300.pmf@gmail.com"
      },
      {
        "idEquipe": "301",
        "cor":"Lilás",
        "contatos": [
          {
            "tel_num": "55489988365533",
            "tel_icon": "zap"
          }
        ],
        "email": "cscosteira301.pmf@gmail.com"
      },
      {
        "idEquipe": "302",
        "cor":"Verde",
        "contatos": [
          {
            "tel_num": "5548988045730",
            "tel_icon": "zap"
          }
        ],
        "email": "cscosteira302.pmf@gmail.com"
      },
      {
        "idEquipe": "303",
        "cor":"Amarela",
        "contatos": [
          {
            "tel_num": "5548988372801",
            "tel_icon": "zap"
          }
        ],
        "email": "cscosteira303.pmf@gmail.com"
      }
    ],
    "servicos": [
      {
        "descricao": "Dúvidas gerais",
        "contatos": [
          {
            "tel_num": "554832263333",
            "tel_icon": "zap"
          }
        ]
      },
      {
        "descricao": "Recepção",
        "contatos": [
          {
            "tel_num": "32263333",
            "tel_icon": "tel"
          }
        ]
      }
    ],
    "social": [
      {
        "rede":"linktree",
        "link":"Redes sociais não disponíveis"
      }
    ]
  },
  {
    "nome": "Estreito",
    "tipoUnidade":"cs",
    "endereco": "https://goo.gl/maps/1NYkwg85UA9hrMiS9",
    "zapCadastro": "554832499701",
    "emailCoord": "csestreito@gmail.com",
    "equipes": [
      {
        "idEquipe": "80",
        "cor":"Verde",
        "contatos": [
          {
            "tel_num": "5548996026903",
            "tel_icon": "zap"
          }
        ],
        "email": "csestreito080.pmf@gmail.com"
      },
      {
        "idEquipe": "81",
        "cor":"Azul",
        "contatos": [
          {
            "tel_num": "5548991358706",
            "tel_icon": "zap"
          }
        ],
        "email": "csestreito081.pmf@gmail.com"
      },
      {
        "idEquipe": "82",
        "cor":"Laranja",
        "contatos": [
          {
            "tel_num": "5548988451809",
            "tel_icon": "zap"
          }
        ],
        "email": "csestreito082.pmf@gmail.com"
      },
      {
        "idEquipe": "83",
        "cor":"Lilás",
        "contatos": [
          {
            "tel_num": "5548991149266",
            "tel_icon": "zap"
          }
        ],
        "email": "csestreito083.pmf@gmail.com"
      },
      {
        "descricao": "Saúde Bucal",
        "contatos":[
          {
            "tel_num": "554833485682" ,
            "tel_icon": "zap"
          }
        ]
      }
    ],
    "servicos": [
      {
        "descricao": "Dúvidas gerais",
        "contatos": [
          {
            "tel_num": "554832499701",
            "tel_icon": "zap"
          }
        ]
      },
      {
        "descricao": "Recepção",
        "contatos": [
          {
            "tel_num": "32441200",
            "tel_icon": "tel"
          }
        ]
      }
    ],
    "social": [
      {
        "rede":"linktree",
        "link":"https://linktr.ee/csestreito"
      }
    ]
  },
  {
    "nome": "Fazenda do Rio Tavares",
    "tipoUnidade":"cs",
    "endereco": "https://g.page/csfazenda?share",
    "zapCadastro": "554832334347",
    "emailCoord": "csfazenda@gmail.com",
    "equipes": [
      {
        "idEquipe": "780",
        "cor":"Verde",
        "contatos": [
          {
            "tel_num": "5548996026903",
            "tel_icon": "zap"
          }
        ],
        "email": "contato780@gmail.com"
      },
      {
        "idEquipe": "781",
        "cor":"Amarela",
        "contatos": [
          {
            "tel_num": "5548991358706",
            "tel_icon": "zap"
          }
        ],
        "email": "contato0781@gmail.com"
      },
      {
        "idEquipe": "782",
        "cor":"Azul",
        "contatos": [
          {
            "tel_num": "5548988451809",
            "tel_icon": "zap"
          }
        ],
        "email": "contato782azul@gmail.com"
      },
      {
        "descricao": "Saúde Bucal",
        "contatos":[
          {
            "tel_num": "5548988212928" ,
            "tel_icon": "zap"
          }
        ]
      }
    ],
    "servicos": [
      {
        "descricao": "Dúvidas gerais",
        "contatos": [
          {
            "tel_num": "554832334347",
            "tel_icon": "zap"
          }
        ]
      },
      {
        "descricao": "Recepção",
        "contatos": [
          {
            "tel_num": "32334347",
            "tel_icon": "tel"
          }
        ]
      }
    ],
    "social": [
      {
        "rede":"linktree",
        "link":"https://linktr.ee/csfazenda"
      },
      {
        "rede":"facebook",
        "link":"https://www.facebook.com/csfazenda"
      },
      {
        "rede":"instagram",
        "link":"https://www.instagram.com/csfazenda"
      }
    ]
  },
  {
    "nome": "Ingleses",
    "tipoUnidade":"cs",
    "endereco": "https://g.page/csfazenda?share",
    "zapCadastro": "554832334347",
    "linkCadastro":"https://forms.gle/EPENHf8XMr8mZCQU7",
    "emailCoord": "csinglesescord@gmail.com",
    "equipes": [
      {
        "idEquipe": "431",
        "cor":"Laranja",
        "contatos": [
          {
            "tel_num": "5548988453694",
            "tel_icon": "zap"
          }
        ],
        "email": "csingleses431enf@gmail.com"
      },
      {
        "idEquipe": "432",
        "cor":"Rosa",
        "contatos": [
          {
            "tel_num": "5548988454173",
            "tel_icon": "zap"
          }
        ],
        "email": "csingleses432@gmail.com"
      },
      {
        "idEquipe": "433",
        "cor":"Azul",
        "contatos": [
          {
            "tel_num": "5548988456841",
            "tel_icon": "zap"
          }
        ],
        "email": "csingleses433@gmail.com"
      },
      {
        "idEquipe": "434",
        "cor":"Amarela",
        "contatos": [
          {
            "tel_num": "5548988650372",
            "tel_icon": "zap"
          }
        ],
        "email": "csingleses434@gmail.com"
      },
      {
        "idEquipe": "435",
        "cor":"Cinza",
        "contatos": [
          {
            "tel_num": "5548988437394",
            "tel_icon": "zap"
          }
        ],
        "email": "csingleses435@gmail.com"
      },
      {
        "idEquipe": "436",
        "cor":"Lilás",
        "contatos": [
          {
            "tel_num": "5548988448057",
            "tel_icon": "zap"
          }
        ],
        "email": "csingleses436@gmail.com"
      },
      {
        "idEquipe": "437",
        "cor":"Verde",
        "contatos": [
          {
            "tel_num": "5548988448156",
            "tel_icon": "zap"
          }
        ],
        "email": "csingleses437@gmail.com"
      }
    ],
    "servicos": [
      {
        "descricao": "Dúvidas gerais",
        "contatos": [
          {
            "tel_num": "554833695937",
            "tel_icon": "zap"
          }
        ]
      },
      {
        "descricao": "Recepção",
        "contatos": [
          {
            "tel_num": "33693229",
            "tel_icon": "tel"
          }
        ]
      }
    ],
    "social": [
      {
        "rede":"linktree",
        "link":"https://linktr.ee/csingleses"
      },
      {
        "rede":"instagram",
        "link":"https://www.instagram.com/csingleses"
      }
    ]
  },
  {
    "nome": "Itacorubi",
    "tipoUnidade":"cs",
    "endereco": "https://g.page/csitacorubi?share",
    "zapCadastro": "554833345555",
    "linkCadastro":"http://bit.ly/AutocadastroCSItacorubi",
    "emailCoord": "csitacorubi@gmail.com",
    "equipes": [
      {
        "idEquipe": "190",
        "cor":"Laranja",
        "contatos": [
          {
            "tel_num": "5548991032440",
            "tel_icon": "zap"
          }
        ],
        "email": "equipe190csitacorubi@gmail.com"
      },
      {
        "idEquipe": "191",
        "cor":"Verde",
        "contatos": [
          {
            "tel_num": "5548988355829",
            "tel_icon": "zap"
          }
        ],
        "email": "equipe191csitacorubi@gmail.com"
      },
      {
        "idEquipe": "192",
        "cor":"Lilás",
        "contatos": [
          {
            "tel_num": "5548988355971",
            "tel_icon": "zap"
          }
        ],
        "email": "equipe192csitacorubi@gmail.com"
      },
      {
        "idEquipe": "193",
        "cor":"Azul",
        "contatos": [
          {
            "tel_num": "5548988356881",
            "tel_icon": "zap"
          }
        ],
        "email": "equipe193csitacorubi@gmail.com"
      },
      {
        "idEquipe": "194",
        "cor":"Vermelha",
        "contatos": [
          {
            "tel_num": "5548988372396",
            "tel_icon": "zap"
          }
        ],
        "email": "equipe194csitacorubi@gmail.com"
      },
      {
        "descricao": "Saúde Bucal",
        "contatos":[
          {
            "tel_num": "554833340096" ,
            "tel_icon": "zap"
          }
        ],
        "email": "odontocsitacorubi@gmail.com"
      }
    ],
    "servicos": [
      {
        "descricao": "Dúvidas gerais",
        "contatos": [
          {
            "tel_num": "554833345555",
            "tel_icon": "zap"
          }
        ]
      },
      {
        "descricao": "Recepção",
        "contatos": [
          {
            "tel_num": "33340096",
            "tel_icon": "tel"
          }
        ]
      }
    ],
    "social": [
      {
        "rede":"linktree",
        "link":"https://linktr.ee/csitacorubi"
      },
      {
        "rede":"facebookm",
        "link":"http://pt-br.facebook.com/csitacorubi"
      },
      {
        "rede":"instagram",
        "link":"https://www.instagram.com/csitacorubi"
      }
    ]
  },
  {
    "nome": "Jardim Atlântico",
    "tipoUnidade":"cs",
    "endereco": "https://g.page/csjardimatlantico?share",
    "zapCadastro": "554833489595",
    "emailCoord": "csjardimatlantico@gmail.com",
    "equipes": [
      {
        "idEquipe": "10",
        "cor":"Laranja",
        "contatos": [
          {
            "tel_num": "5548988194547",
            "tel_icon": "zap"
          }
        ],
        "email": "csjardimatlantico10@gmail.com"
      },
      {
        "idEquipe": "11",
        "cor":"Verde",
        "contatos": [
          {
            "tel_num": "5548988204407",
            "tel_icon": "zap"
          }
        ],
        "email": "csjardimatlantico11@gmail.com"
      }
    ],
    "servicos": [
      {
        "descricao": "Dúvidas gerais",
        "contatos": [
          {
            "tel_num": "554833489595",
            "tel_icon": "zap"
          }
        ]
      },
      {
        "descricao": "Recepção",
        "contatos": [
          {
            "tel_num": "32402168",
            "tel_icon": "tel"
          }
        ]
      }
    ],
    "social": [
      {
        "rede":"linktree",
        "link":"https://linktr.ee/jardimatlantico"
      }
    ]
  },
  {
    "nome": "João Paulo",
    "tipoUnidade":"cs",
    "endereco": "https://g.page/csjoaopaulopmf?share",
    "zapCadastro": "554832380606",
    "emailCoord": "csjoaopaulo.pmf@gmail.com",
    "equipes": [
      {
        "idEquipe": "320",
        "cor":"Laranja",
        "contatos": [
          {
            "tel_num": "5548996534119",
            "tel_icon": "zap"
          }
        ],
        "email": "equipe320csjoaopaulo@gmail.com"
      },
      {
        "idEquipe": "321",
        "cor":"Verde",
        "contatos": [
          {
            "tel_num": "5548988357446",
            "tel_icon": "zap"
          }
        ],
        "email": "equipe321csjoaopaulo@gmail.com"
      },
      {
        "descricao": "Saúde Bucal",
        "contatos":[
          {
            "tel_num": "5548988347817" ,
            "tel_icon": "zap"
          }
        ]
      }
    ],
    "servicos": [
      {
        "descricao": "Dúvidas gerais",
        "contatos": [
          {
            "tel_num": "554832380606",
            "tel_icon": "zap"
          }
        ]
      },
      {
        "descricao": "Recepção",
        "contatos": [
          {
            "tel_num": "32380606",
            "tel_icon": "tel"
          }
        ]
      }
    ],
    "social": [
      {
        "rede":"linktree",
        "link":"Redes sociais não disponíveis"
      }
    ]
  },
  {
    "nome": "Jurerê",
    "tipoUnidade":"cs",
    "endereco": "https://goo.gl/maps/MZKxDbAeskvxGQGe9",
    "zapCadastro": "554832821670",
    "linkCadastro":"https://forms.gle/jEi7jpbhtgQMSc7R7",
    "emailCoord": "csjurere@gmail.com",
    "equipes": [
      {
        "idEquipe": "390",
        "cor":"Azul",
        "contatos": [
          {
            "tel_num": "5548988342217",
            "tel_icon": "zap"
          }
        ],
        "email": "csjurere.equipe390@gmail.com"
      },
      {
        "idEquipe": "391",
        "cor":"Lilás",
        "contatos": [
          {
            "tel_num": "5548988342867",
            "tel_icon": "zap"
          }
        ],
        "email": "csjurere.equipe391@gmail.com"
      },
      {
        "descricao": "Saúde Bucal",
        "contatos":[
          {
            "tel_num": "554832829761" ,
            "tel_icon": "zap"
          }
        ]
      }
    ],
    "servicos": [
      {
        "descricao": "Dúvidas gerais",
        "contatos": [
          {
            "tel_num": "554832821670",
            "tel_icon": "zap"
          }
        ]
      },
      {
        "descricao": "Recepção",
        "contatos": [
          {
            "tel_num": "32821670",
            "tel_icon": "tel"
          }
        ]
      }
    ],
    "social": [
      {
        "rede":"linktree",
        "link":"https://linktr.ee/csjurere"
      }
    ]
  },
  {
    "nome": "Lagoa da Conceição",
    "tipoUnidade":"cs",
    "endereco": "https://g.page/centrodesaudelagoadaconceicao?share",
    "zapCadastro": "554832320639",
    "emailCoord": "cslagoadaconceicao@gmail.com",
    "equipes": [
      {
        "idEquipe": "470",
        "cor":"Amarela",
        "contatos": [
          {
            "tel_num": "5548988366830",
            "tel_icon": "zap"
          }
        ],
        "email": "lagoa470@gmail.com"
      },
      {
        "idEquipe": "471",
        "cor":"Verde",
        "contatos": [
          {
            "tel_num": "5548988056895",
            "tel_icon": "zap"
          }
        ],
        "email": "lagoa471@gmail.com"
      },
      {
        "idEquipe": "472",
        "cor":"Lilás",
        "contatos": [
          {
            "tel_num": "5548988072836",
            "tel_icon": "zap"
          }
        ],
        "email": "lagoa472@gmail.com"
      },
      {
        "descricao": "Saúde Bucal",
        "contatos":[
          {
            "tel_num": "5548988350370" ,
            "tel_icon": "zap"
          }
        ]
      }
    ],
    "servicos": [
      {
        "descricao": "Dúvidas gerais",
        "contatos": [
          {
            "tel_num": "554832320639",
            "tel_icon": "zap"
          }
        ]
      },
      {
        "descricao": "Recepção",
        "contatos": [
          {
            "tel_num": "32320639",
            "tel_icon": "tel"
          }
        ]
      }
    ],
    "social": [
      {
        "rede":"linktree",
        "link":"https://linktr.ee/cslagoa"
      },
      {
        "rede":"facebookm",
        "link":"https://www.facebook.com/cslagoadaconceicao"
      },
      {
        "rede":"instagram",
        "link":"https://www.instagram.com/cslagoadaconceicao/"
      }
    ]
  },
  {
    "nome": "Monte Cristo",
    "tipoUnidade":"cs",
    "endereco": "https://goo.gl/maps/dTTRMPDFff8Jqf9EA",
    "zapCadastro": "554833487467",
    "emailCoord": "csmontecristo.pmf@gmail.com",
    "equipes": [
      {
        "idEquipe": "40",
        "cor":"Laranja",
        "contatos": [
          {
            "tel_num": "5548988442558",
            "tel_icon": "zap"
          }
        ],
        "email": "csmontecristo040.pmf@gmail.com"
      },
      {
        "idEquipe": "41",
        "cor":"Verde",
        "contatos": [
          {
            "tel_num": "5548988443076",
            "tel_icon": "zap"
          }
        ],
        "email": "csmontecristo041.pmf@gmail.com"
      },
      {
        "idEquipe": "42",
        "cor":"Rosa",
        "contatos": [
          {
            "tel_num": "5548988444055",
            "tel_icon": "zap"
          }
        ],
        "email": "csmontecristo042.pmf@gmail.com"
      },
      {
        "idEquipe": "43",
        "cor":"Amarela",
        "contatos": [
          {
            "tel_num": "5548988445490",
            "tel_icon": "zap"
          }
        ],
        "email": "csmontecristo043.pmf@gmail.com"
      },
      {
        "idEquipe": "44",
        "cor":"Azul",
        "contatos": [
          {
            "tel_num": "5548988217620",
            "tel_icon": "zap"
          }
        ],
        "email": "csmontecristo044.pmf@gmail.com"
      }
    ],
    "servicos": [
      {
        "descricao": "Dúvidas gerais",
        "contatos": [
          {
            "tel_num": "554833487467",
            "tel_icon": "zap"
          }
        ]
      },
      {
        "descricao": "Recepção",
        "contatos": [
          {
            "tel_num": "32408809",
            "tel_icon": "tel"
          }
        ]
      }
    ],
    "social": [
      {
        "rede":"linktree",
        "link":"https://linktr.ee/csmontecristo"
      },
      {
        "rede":"facebookm",
        "link":"https://pt-br.facebook.com/centrodesaudemontecristo2013/"
      }
    ]
  },
  {
    "nome": "Monte Serrat",
    "tipoUnidade":"cs",
    "endereco": "https://goo.gl/maps/az8wSv7PqEo2DbfeA",
    "zapCadastro": "554832237816",
    "emailCoord": "csmonteserrat01@gmail.com",
    "equipes": [
      {
        "idEquipe": "120",
        "cor":"Verde",
        "contatos": [
          {
            "tel_num": "5548988366830",
            "tel_icon": "zap"
          }
        ],
        "email": "csmonteserrat120@gmail.com"
      },
      {
        "idEquipe": "121",
        "cor":"Azul",
        "contatos": [
          {
            "tel_num": "5548988056895",
            "tel_icon": "zap"
          }
        ],
        "email": "csmonteserrat121@gmail.com"
      },
      {
        "idEquipe": "122",
        "cor":"Rosa",
        "contatos": [
          {
            "tel_num": "5548988072836",
            "tel_icon": "zap"
          }
        ],
        "email": "csmonteserrat122@gmail.com"
      }
    ],
    "servicos": [
      {
        "descricao": "Dúvidas gerais",
        "contatos": [
          {
            "tel_num": "554832237816",
            "tel_icon": "zap"
          }
        ]
      },
      {
        "descricao": "Recepção",
        "contatos": [
          {
            "tel_num": "32237816",
            "tel_icon": "tel"
          }
        ]
      }
    ],
    "social": [
      {
        "rede":"linktree",
        "link":"https://linktr.ee/csmonteserrat"
      },
      {
        "rede":"facebookm",
        "link":"https://www.facebook.com/centrodesaudemonteserrat/"
      },
      {
        "rede":"instagram",
        "link":"https://www.instagram.com/centrodesaudemonte"
      }
    ]
  },
  {
    "nome": "Morro das Pedras",
    "tipoUnidade":"cs",
    "endereco": "https://g.page/csmorrodaspedras?share",
    "zapCadastro": "554833387627",
    "emailCoord": "csmorrodaspedras@gmail.com",
    "equipes": [
      {
        "idEquipe": "250",
        "cor":"Salmão",
        "contatos": [
          {
            "tel_num": "5548988023236",
            "tel_icon": "zap"
          }
        ],
        "email": "csmorrodaspedras.250@gmail.com"
      },
      {
        "idEquipe": "251",
        "cor":"Verde",
        "contatos": [
          {
            "tel_num": "5548988405010",
            "tel_icon": "zap"
          }
        ],
        "email": "csmorrodaspedras251.pmf@gmail.com"
      },
      {
        "idEquipe": "252",
        "cor":"Amarela",
        "contatos": [
          {
            "tel_num": "5548988386921",
            "tel_icon": "zap"
          }
        ],
        "email": "csmorrodaspedras252@gmail.com"
      },
      {
        "descricao": "Saúde Bucal",
        "contatos":[
          {
            "tel_num": "5548988381588" ,
            "tel_icon": "zap"
          }
        ],
        "email": "odontocsmp@gmail.com"
      }
    ],
    "servicos": [
      {
        "descricao": "Dúvidas gerais",
        "contatos": [
          {
            "tel_num": "554833387627",
            "tel_icon": "zap"
          }
        ]
      },
      {
        "descricao": "Recepção",
        "contatos": [
          {
            "tel_num": "32379013",
            "tel_icon": "tel"
          }
        ]
      }
    ],
    "social": [
      {
        "rede":"linktree",
        "link":"https://linktr.ee/csmorrodaspedras"
      },
      {
        "rede":"facebookm",
        "link":"https://www.facebook.com/pages/Centro%20de%20Sa%C3%BAde%20Morro%20das%20Pedras/212687989121131/"
      },
      {
        "rede":"instagram",
        "link":"https://www.instagram.com/csmorrodaspedras/"
      }
    ]
  },
  {
    "nome": "Novo Continente",
    "tipoUnidade":"cs",
    "endereco": "https://goo.gl/maps/1dxRMeT36Z8q8FRB8",
    "zapCadastro": "554832497111",
    "linkCadastro":"https://docs.google.com/forms/d/e/1FAIpQLSfK2-Ss2oEm3wQ0eJ5XR3K86T-ZwE3U8EGheVHesFfMk_ePRQ/viewform",
    "emailCoord": "csnovocontinente.pmf@gmail.com",
    "equipes": [
      {
        "idEquipe": "100",
        "cor":"Lilás",
        "contatos": [
          {
            "tel_num": "5548988352209",
            "tel_icon": "zap"
          }
        ],
        "email": "contato.area100@gmail.com"
      },
      {
        "idEquipe": "101",
        "cor":"Azul",
        "contatos": [
          {
            "tel_num": "5548988147569",
            "tel_icon": "zap"
          }
        ],
        "email": "csnovocontinente101@gmail.com"
      },
      {
        "idEquipe": "102",
        "cor":"Verde",
        "contatos": [
          {
            "tel_num": "5548988452576",
            "tel_icon": "zap"
          }
        ],
        "email": "contato.area102@gmail.com"
      }
    ],
    "servicos": [
      {
        "descricao": "Dúvidas gerais",
        "contatos": [
          {
            "tel_num": "554832497111",
            "tel_icon": "zap"
          }
        ]
      },
      {
        "descricao": "Recepção",
        "contatos": [
          {
            "tel_num": "32492448",
            "tel_icon": "tel"
          }
        ]
      }
    ],
    "social": [
      {
        "rede":"linktree",
        "link":"https://linktr.ee/csnovocontinente"
      }
    ]
  },
  {
    "nome": "Pantanal",
    "tipoUnidade":"cs",
    "endereco": "https://g.page/cspantanal?share",
    "zapCadastro": "554832382232",
    "emailCoord": "cspantanal.coord@gmail.com",
    "equipes": [
      {
        "idEquipe": "160",
        "cor":"Amarela",
        "contatos": [
          {
            "tel_num": "5548999506118",
            "tel_icon": "zap"
          }
        ],
        "email": "cspantanal160@gmail.com"
      },
      {
        "idEquipe": "161",
        "cor":"Lilás",
        "contatos": [
          {
            "tel_num": "5548988360856",
            "tel_icon": "zap"
          }
        ],
        "email": "cspantanalequipe161@gmail.com"
      },
      {
        "idEquipe": "162",
        "cor":"Verde",
        "contatos": [
          {
            "tel_num": "5548988361477",
            "tel_icon": "zap"
          }
        ],
        "email": "cspantanalequipe162@gmail.com"
      },
      {
        "descricao": "Saúde Bucal",
        "contatos":[
          {
            "tel_num": "554832347880" ,
            "tel_icon": "zap"
          }
        ],
        "email": "odontopantanal@gmail.com"
      }
    ],
    "servicos": [
      {
        "descricao": "Dúvidas gerais",
        "email": "cspantanal.coord@gmail.com"
      },
      {
        "descricao": "Recepção",
        "email": "recepcaocspantanal@gmail.com"
      }
    ],
    "social": [
      {
        "rede":"linktree",
        "link":"https://linktr.ee/cspantanal"
      },
      {
        "rede":"instagram",
        "link":"https://www.instagram.com/cspantanal"
      }
    ]
  },
  {
    "nome": "Pântano do Sul",
    "tipoUnidade":"cs",
    "endereco": "https://g.page/cspantano?share",
    "zapCadastro": "554832377032",
    "emailCoord": "cspantanodosul@gmail.com",
    "equipes": [
      {
        "idEquipe": "230",
        "cor":"Azul",
        "contatos": [
          {
            "tel_num": "5548991837587",
            "tel_icon": "zap"
          }
        ],
        "email": "faleconoscocspantanodosul@gmail.com"
      }
    ],
    "servicos": [
      {
        "descricao": "Dúvidas gerais",
        "contatos": [
          {
            "tel_num": "554832377032",
            "tel_icon": "zap"
          }
        ]
      },
      {
        "descricao": "Recepção",
        "contatos": [
          {
            "tel_num": "32377032",
            "tel_icon": "tel"
          }
        ]
      }
    ],
    "social": [
      {
        "rede":"linktree",
        "link":"https://linktr.ee/cspantanodosul"
      },
      {
        "rede":"facebook",
        "link":"https://www.facebook.com/sulpantano"
      }
    ]
  },
  {
    "nome": "Policlínica Centro",
    "tipoUnidade":"poli",
    "endereco": "https://goo.gl/maps/HxTJvDZoAzUjnHf88",
    "equipes": [
      {
        "descricao": "Recepção",
        "contatos": [
          {
            "tel_num": "39520100",
            "tel_icon": "tel"
          }
        ]
      }
    ],
    "social": [
      {
        "rede":"instagram",
        "link":"https://www.instagram.com/policlinicamunicipalcentro/"
      }
    ]
  },
  {
    "nome": "Policlínica Continente",
    "tipoUnidade":"poli",
    "endereco": "https://goo.gl/maps/Q4dda2rTiq9EtFsR8",
    "equipes": [
      {
        "descricao": "Recepção",
        "contatos": [
          {
            "tel_num": "32711720",
            "tel_icon": "tel"
          }
        ]
      }
    ]
  },
  {
    "nome": "Policlínica Norte",
    "tipoUnidade":"poli",
    "endereco": "https://goo.gl/maps/LEa39Esq1DFogJX99",
    "equipes": [
      {
        "descricao": "Recepção",
        "contatos": [
          {
            "tel_num": "32610606",
            "tel_icon": "tel"
          }
        ]
      }
    ]
  },
  {
    "nome": "Policlínica Sul",
    "tipoUnidade":"poli",
    "endereco": "https://goo.gl/maps/vsNwdgqyc23EhGJc7",
    "equipes": [
      {
        "descricao": "Recepção",
        "contatos": [
          {
            "tel_num": "32391726",
            "tel_icon": "tel"
          }
        ]
      }
    ],
    "servicos": [
      {
        "descricao": "Farmácia",
        "contatos": [
          {
            "tel_num": "554832391717",
            "tel_icon": "zap"
          }
        ]
      }
    ],
    "social": [
      {
        "rede":"linktree",
        "link":"https://linktr.ee/sulpoliclinica"
      },  {
        "rede":"instagram",
        "link":"https://www.instagram.com/policlinica_sul/"
      }
    ]
  },
  {
    "nome": "Ponta das Canas",
    "tipoUnidade":"cs",
    "endereco": "https://goo.gl/maps/XGgPxSUeAgfrHjKK9",
    "zapCadastro": "554832841337",
    "emailCoord": "cspontadascanas@gmail.com",
    "equipes": [
      {
        "idEquipe": "370",
        "cor":"Verde",
        "contatos": [
          {
            "tel_num": "5548988145053",
            "tel_icon": "zap"
          }
        ],
        "email": "cspontadascanas370@gmail.com"
      },
      {
        "idEquipe": "371",
        "cor":"Amarela",
        "contatos": [
          {
            "tel_num": "5548988223052",
            "tel_icon": "zap"
          }
        ],
        "email": "cspontadascanas371@gmail.com"
      }
    ],
    "servicos": [
      {
        "descricao": "Dúvidas gerais",
        "contatos": [
          {
            "tel_num": "554832841337",
            "tel_icon": "zap"
          }
        ]
      },
      {
        "descricao": "Recepção",
        "contatos": [
          {
            "tel_num": "32841337",
            "tel_icon": "tel"
          }
        ]
      }
    ],
    "social": [
      {
        "rede":"linktree",
        "link":"https://linktr.ee/cspontadascanas"
      },  {
        "rede":"instagram",
        "link":"https://www.instagram.com/cspontadascanas/?hl=pt-br"
      }
    ]
  },
  {
    "nome": "Prainha",
    "tipoUnidade":"cs",
    "endereco": "https://goo.gl/maps/xj6C4TdjhKpSgScu8",
    "zapCadastro": "554832257647",
    "emailCoord": "prainhacentrodesaude@gmail.com",
    "equipes": [
      {
        "idEquipe": "130",
        "cor":"Azul",
        "contatos": [
          {
            "tel_num": "5548988410367",
            "tel_icon": "zap"
          }
        ],
        "email": "csprainha130@gmail.com"
      },
      {
        "idEquipe": "131",
        "cor":"Amarela",
        "contatos": [
          {
            "tel_num": "5548988412203",
            "tel_icon": "zap"
          }
        ],
        "email": "csprainhaequipe131@gmail.com"
      },
      {
        "idEquipe": "132",
        "cor":"Vermelha",
        "contatos": [
          {
            "tel_num": "5548988413741",
            "tel_icon": "zap"
          }
        ],
        "email": "csprainha132@gmail.com"
      },{
        "idEquipe": "133",
        "cor":"verde",
        "tipoEquipe":"ESF - consutório na Rua",
        "contatos": [
          {
            "tel_num": "5548988430123",
            "tel_icon": "zap"
          }
        ],
        "email": "consultorionaruafloripa@gmail.com"
      }
    ],
    "servicos": [
      {
        "descricao": "Dúvidas gerais",
        "contatos": [
          {
            "tel_num": "554832257647",
            "tel_icon": "zap"
          }
        ]
      },
      {
        "descricao": "Recepção",
        "contatos": [
          {
            "tel_num": "32257647",
            "tel_icon": "tel"
          }
        ]
      }
    ],
    "social": [
      {
        "rede":"facebook",
        "link":"https://www.facebook.com/funcionarios.prainha.1"
      }
    ]
  },
  {
    "nome": "Ratones",
    "tipoUnidade":"cs",
    "endereco": "https://goo.gl/maps/gUKVRKjJEJyypLRi9",
    "zapCadastro": "554832668090",
    "emailCoord": "centrodesauderatones@gmail.com",
    "equipes": [
      {
        "idEquipe": "350",
        "cor":"Azul",
        "contatos": [
          {
            "tel_num": "5548988425448",
            "tel_icon": "zap"
          }
        ],
        "email": "csratones350@gmail.com"
      }
    ],
    "servicos": [
      {
        "descricao": "Dúvidas gerais",
        "contatos": [
          {
            "tel_num": "554832668090",
            "tel_icon": "zap"
          }
        ]
      },
      {
        "descricao": "Recepção",
        "contatos": [
          {
            "tel_num": "32668090",
            "tel_icon": "tel"
          }
        ]
      }
    ],
    "social": [
      {
        "rede":"linktree",
        "link":"https://linktr.ee/csratones"
      }
    ]
  },
  {
    "nome": "Ribeirão da Ilha",
    "tipoUnidade":"cs",
    "endereco": "https://g.page/CSRIBEIRAODAILHA?share",
    "zapCadastro": "554833375579",
    "emailCoord": "csribeiraodailha@gmail.com",
    "equipes": [
      {
        "idEquipe": "220",
        "cor":"Azul",
        "contatos": [
          {
            "tel_num": "5548988074346",
            "tel_icon": "zap"
          }
        ],
        "email": "csribeiraodailha@gmail.com"
      }
    ],
    "servicos": [
      {
        "descricao": "Dúvidas gerais",
        "contatos": [
          {
            "tel_num": "554833375579",
            "tel_icon": "zap"
          }
        ]
      },
      {
        "descricao": "Recepção",
        "contatos": [
          {
            "tel_num": "33375997",
            "tel_icon": "tel"
          }
        ]
      }
    ],
    "social": [
      {
        "rede":"linktree",
        "link":"https://linktr.ee/csribeiraodailha"
      },
      {
        "rede":"instagram",
        "link":"https://www.instagram.com/csribeiraodailha/"
      }
    ]
  },
  {
    "nome": "Rio Tavares",
    "tipoUnidade":"cs",
    "endereco": "https://g.page/csriotavares?share",
    "zapCadastro": "554832326118",
    "emailCoord": "coordenacao.riotavares@gmail.com",
    "equipes": [
      {
        "idEquipe": "290",
        "cor":"Azul",
        "contatos": [
          {
            "tel_num": "5548988380876",
            "tel_icon": "zap"
          }
        ],
        "email": "equipe290.pmf@gmail.com"
      },
      {
        "idEquipe": "291",
        "cor":"Amarela",
        "contatos": [
          {
            "tel_num": "5548988380957",
            "tel_icon": "zap"
          }
        ],
        "email": "equipe291.pmf@gmail.com"
      },
      {
        "idEquipe": "292",
        "cor":"Vermelha",
        "contatos": [
          {
            "tel_num": "5548988381414",
            "tel_icon": "zap"
          }
        ],
        "email": "equipe292.pmf@gmail.com"
      }
    ],
    "servicos": [
      {
        "descricao": "Dúvidas gerais",
        "contatos": [
          {
            "tel_num": "554832326118",
            "tel_icon": "zap"
          }
        ]
      },
      {
        "descricao": "Recepção",
        "contatos": [
          {
            "tel_num": "32326118",
            "tel_icon": "tel"
          }
        ]
      }
    ],
    "social": [
      {
        "rede":"linktree",
        "link":"https://linktr.ee/riotavares"
      }
    ]
  },
  {
    "nome": "Rio Vemelho",
    "tipoUnidade":"cs",
    "endereco": "https://g.page/csriovermelho?share",
    "zapCadastro": "554832697100",
    "linkCadastro":"https://forms.gle/9iwJawT3eELmtfmr6",
    "emailCoord": "saude.csriovermelho@gmail.com",
    "equipes": [
      {
        "idEquipe": "420",
        "cor":"Laranja",
        "contatos": [
          {
            "tel_num": "5548988321385",
            "tel_icon": "zap"
          }
        ],
        "email": "csriovermelho420laranja@gmail.com"
      },
      {
        "idEquipe": "421",
        "cor":"verde",
        "contatos": [
          {
            "tel_num": "5548988321604",
            "tel_icon": "zap"
          }
        ],
        "email": "areaverde421@gmail.com"
      },
      {
        "idEquipe": "422",
        "cor":"Amarela",
        "contatos": [
          {
            "tel_num": "5548988323649",
            "tel_icon": "zap"
          }
        ],
        "email": "csriovermelho422@gmail.com"
      },
      {
        "idEquipe": "423",
        "cor":"Azul",
        "contatos": [
          {
            "tel_num": "5548988324977",
            "tel_icon": "zap"
          }
        ],
        "email": "enf423@gmail.com"
      },
      {
        "idEquipe": "424",
        "cor":"Rosa",
        "contatos": [
          {
            "tel_num": "5548988326489",
            "tel_icon": "zap"
          }
        ],
        "email": "csriovermelho424@gmail.com"
      },
      {
        "idEquipe": "425",
        "cor":"Lilás",
        "contatos": [
          {
            "tel_num": "5548988327399",
            "tel_icon": "zap"
          }
        ],
        "email": "csriovermelho425@gmail.com"
      }
    ],
    "servicos": [
      {
        "descricao": "Dúvidas gerais",
        "contatos": [
          {
            "tel_num": "554832697100",
            "tel_icon": "zap"
          }
        ]
      },
      {
        "descricao": "Recepção",
        "contatos": [
          {
            "tel_num": "32697100",
            "tel_icon": "tel"
          }
        ]
      }
    ],
    "social": [
      {
        "rede":"linktree",
        "link":"https://linktr.ee/csriovermelho"
      }
    ]
  },
  {
    "nome": "Saco dos Limões",
    "tipoUnidade":"cs",
    "endereco": "https://goo.gl/maps/95BZMeoTHtMMeyjt5",
    "zapCadastro": "554832234563",
    "emailCoord": "cssacodoslimoes@gmail.com",
    "equipes": [
      {
        "idEquipe": "310",
        "cor":"Laranja",
        "contatos": [
          {
            "tel_num": "5548988361647",
            "tel_icon": "zap"
          }
        ],
        "email": "cssacodoslimoes310.pmf@gmail.com"
      },
      {
        "idEquipe": "311",
        "cor":"verde",
        "contatos": [
          {
            "tel_num": "5548999362035",
            "tel_icon": "zap"
          }
        ],
        "email": "cssacodoslimoes311.pmf@gmail.com"
      },
      {
        "idEquipe": "312",
        "cor":"Rosa",
        "contatos": [
          {
            "tel_num": "5548988362578",
            "tel_icon": "zap"
          }
        ],
        "email": "cssacodoslimoes312.pmf@gmail.com"
      },
      {
        "idEquipe": "313",
        "cor":"Lilás",
        "contatos": [
          {
            "tel_num": "5548988367826",
            "tel_icon": "zap"
          }
        ],
        "email": "cssacodoslimoes313.pmf@gmail.com"
      },
      {
        "descricao": "Saúde Bucal",
        "contatos":[
          {
            "tel_num": "5548988362407" ,
            "tel_icon": "zap"
          }
        ]
      }
    ],
    "servicos": [
      {
        "descricao": "Dúvidas gerais",
        "contatos": [
          {
            "tel_num": "554832234563",
            "tel_icon": "zap"
          }
        ]
      },
      {
        "descricao": "Recepção",
        "contatos": [
          {
            "tel_num": "33336797",
            "tel_icon": "tel"
          }
        ]
      }
    ],
    "social": [
      {
        "rede":"linktree",
        "link":"https://linktr.ee/cssacodoslimoes"
      },
      {
        "rede":"facebook",
        "link":"https://www.facebook.com/pages/category/Medical---Health/Centro-de-Sa%C3%BAde-Saco-dos-Lim%C3%B5es-102410691500709/"
      },
      {
        "rede":"instagram",
        "link":"https://www.instagram.com/cssacodoslimoes"
      }
    ]
  },
  {
    "nome": "Saco Grande",
    "tipoUnidade":"cs",
    "endereco": "https://g.page/CSSacoGrande?share",
    "zapCadastro": "554832380110",
    "linkCadastro":"http://bit.ly/AutocadastroCSSacoGrande",
    "emailCoord": "coordsacogrande@gmail.com",
    "equipes": [
      {
        "idEquipe": "330",
        "cor":"Rosa",
        "contatos": [
          {
            "tel_num": "5548984568375",
            "tel_icon": "zap"
          }
        ],
        "email": "equipe330sacogrande@gmail.com"
      },
      {
        "idEquipe": "331",
        "cor":"Laranja",
        "contatos": [
          {
            "tel_num": "5548998085490",
            "tel_icon": "zap"
          }
        ],
        "email": "equipe331sacogrande@gmail.com"
      },
      {
        "idEquipe": "332",
        "cor":"Amarela",
        "contatos": [
          {
            "tel_num": "5548988363950",
            "tel_icon": "zap"
          }
        ],
        "email": "cssacogrande332@gmail.com"
      },
      {
        "idEquipe": "333",
        "cor":"Azul",
        "contatos": [
          {
            "tel_num": "5548988376959",
            "tel_icon": "zap"
          }
        ],
        "email": "cssacogrande333@gmail.com"
      },
      {
        "idEquipe": "334",
        "cor":"Vermelha",
        "contatos": [
          {
            "tel_num": "5548984832544",
            "tel_icon": "zap"
          }
        ],
        "email": "cssacogrande334@gmail.com"
      },
      {
        "idEquipe": "335",
        "cor":"Verde",
        "contatos": [
          {
            "tel_num": "5548988377966",
            "tel_icon": "zap"
          }
        ],
        "email": "contato335@gmail.com"
      },
      {
        "idEquipe": "336",
        "cor":"Roxa",
        "contatos": [
          {
            "tel_num": "5548988368622",
            "tel_icon": "zap"
          }
        ],
        "email": "equipe336sacogrande@gmail.com"
      },
      {
        "descricao": "Saúde Bucal",
        "contatos":[
          {
            "tel_num": "5548988380823" ,
            "tel_icon": "zap"
          }
        ],
        "email": "odontosacogrande@gmail.com"
      }
    ],
    "servicos": [
      {
        "descricao": "Dúvidas gerais",
        "contatos": [
          {
            "tel_num": "554832380110",
            "tel_icon": "zap"
          }
        ]
      },
      {
        "descricao": "Recepção",
        "contatos": [
          {
            "tel_num": "32380110",
            "tel_icon": "tel"
          }
        ]
      },
      {
        "descricao": "Farmácia (WhatsApp)",
        "contatos": [
          {
            "tel_num": "5548988380178",
            "tel_icon": "zap"
          }
        ],
        "email": "farmaciacssacogrande@gmail.com"
      }
    ],
    "social": [
      {
        "rede":"linktree",
        "link":"https://linktr.ee/cssacogrande"
      },
      {
        "rede":"facebook",
        "link":"https://pt-br.facebook.com/cssacogrande"
      },
      {
        "rede":"instagram",
        "link":"https://www.instagram.com/cssacogrande"
      }
    ]
  },
  {
    "nome": "Santinho",
    "tipoUnidade":"cs",
    "endereco": "https://g.page/cssantinho?share",
    "zapCadastro": "554833690174",
    "linkCadastro":"https://forms.gle/P5QsYjLPaBY7xkAJ6",
    "emailCoord": "ulssantinho@gmail.com",
    "equipes": [
      {
        "idEquipe": "980",
        "cor":"Vermelha",
        "contatos": [
          {
            "tel_num": "5548988259576",
            "tel_icon": "zap"
          }
        ],
        "email": "cssantinho980enf@gmail.com"
      },
      {
        "idEquipe": "981",
        "cor":"Azul",
        "contatos": [
          {
            "tel_num": "5548988264334",
            "tel_icon": "zap"
          }
        ],
        "email": "cssantinho981enf@gmail.com"
      }
    ],
    "servicos": [
      {
        "descricao": "Dúvidas gerais",
        "contatos": [
          {
            "tel_num": "554833690174",
            "tel_icon": "zap"
          }
        ]
      },
      {
        "descricao": "Recepção",
        "contatos": [
          {
            "tel_num": "33690174",
            "tel_icon": "tel"
          }
        ]
      }
    ],
    "social": [
      {
        "rede":"linktree",
        "link":"https://linktr.ee/cssantinho"
      }
    ]
  },
  {
    "nome": "Santo Antônio de Lisboa",
    "tipoUnidade":"cs",
    "endereco": "https://goo.gl/maps/uB3URSw3Du2C7jTK9",
    "zapCadastro": "554832697100",
    "linkCadastro":"https://docs.google.com/forms/d/1ljwSS3oX7Ay_0Fd4alzX90AeOhPkbyebu9Ks62yQPd0/viewform?edit_requested=true",
    "emailCoord": "cssantoantoniocoord@gmail.com",
    "equipes": [
      {
        "idEquipe": "360",
        "cor":"Azul",
        "contatos": [
          {
            "tel_num": "5548988236976",
            "tel_icon": "zap"
          }
        ],
        "email": "cssantoantonio360@gmail.com"
      },
      {
        "idEquipe": "361",
        "cor":"verde",
        "contatos": [
          {
            "tel_num": "5548988245405",
            "tel_icon": "zap"
          }
        ],
        "email": "cssantoantonio361@gmail.com"
      },
      {
        "idEquipe": "362",
        "cor":"Amarela",
        "contatos": [
          {
            "tel_num": "5548988251431",
            "tel_icon": "zap"
          }
        ],
        "email": "cssantoantonio362@gmail.com"
      }
    ],
    "servicos": [
      {
        "descricao": "Dúvidas gerais",
        "contatos": [
          {
            "tel_num": "554832351176",
            "tel_icon": "zap"
          }
        ]
      },
      {
        "descricao": "Recepção",
        "contatos": [
          {
            "tel_num": "32351176",
            "tel_icon": "tel"
          }
        ]
      }
    ],
    "social": [
      {
        "rede":"linktree",
        "link":"https://linktr.ee/cssantoantonio"
      }
    ]
  },
  {
    "nome": "Sapé",
    "tipoUnidade":"cs",
    "endereco": "https://g.page/cssape?share",
    "zapCadastro": "554832409382",
    "linkCadastro":"https://docs.google.com/forms/d/e/1FAIpQLSd9ze_txcAAl6-rNCgN_snfTx0K-WYMHHOdxTmfwnjPJXH6uQ/viewform",
    "emailCoord": "cssape@gmail.com",
    "equipes": [
      {
        "idEquipe": "30",
        "cor":"Rosa",
        "contatos": [
          {
            "tel_num": "5548988153763",
            "tel_icon": "zap"
          }
        ],
        "email": "cssape30pmf@gmail.com"
      },
      {
        "idEquipe": "31",
        "cor":"Azul",
        "contatos": [
          {
            "tel_num": "5548988159221",
            "tel_icon": "zap"
          }
        ],
        "email": "cssape31pmf@gmail.com"
      }
    ],
    "servicos": [
      {
        "descricao": "Dúvidas gerais",
        "contatos": [
          {
            "tel_num": "554832409382",
            "tel_icon": "zap"
          }
        ]
      },
      {
        "descricao": "Recepção",
        "contatos": [
          {
            "tel_num": "32406602",
            "tel_icon": "tel"
          }
        ]
      }
    ],
    "social": [
      {
        "rede":"linktree",
        "link":"https://linktr.ee/cssape"
      }
    ]
  },
  {
    "nome": "Tapera",
    "tipoUnidade":"cs",
    "endereco": "https://goo.gl/maps/EpQuhVt12HsVKrGg9",
    "zapCadastro": "554833370289",
    "emailCoord": "coordenacaocstapera@gmail.com",
    "equipes": [
      {
        "idEquipe": "260",
        "cor":"Azul",
        "contatos": [
          {
            "tel_num": "5548988157652",
            "tel_icon": "zap"
          }
        ],
        "email": "contato260@gmail.com"
      },
      {
        "idEquipe": "261",
        "cor":"Verde",
        "contatos": [
          {
            "tel_num": "5548988405846",
            "tel_icon": "zap"
          }
        ],
        "email": "contato261@gmail.com"
      },
      {
        "idEquipe": "262",
        "cor":"Amarela",
        "contatos": [
          {
            "tel_num": "5548988381803",
            "tel_icon": "zap"
          }
        ],
        "email": "equipe262cstapera@gmail.com"
      },
      {
        "idEquipe": "263",
        "cor":"Rosa",
        "contatos": [
          {
            "tel_num": "5548988382028",
            "tel_icon": "zap"
          }
        ],
        "email": "contato263@gmail.com"
      },
      {
        "idEquipe": "264",
        "cor":"Lilás",
        "contatos": [
          {
            "tel_num": "5548988406698",
            "tel_icon": "zap"
          }
        ],
        "email": "equipe264@gmail.com"
      },
      {
        "idEquipe": "265",
        "cor":"Laranja",
        "contatos": [
          {
            "tel_num": "5548988378870",
            "tel_icon": "zap"
          }
        ],
        "email": "equipe265cstapera@gmail.com"
      },
      {
        "descricao": "Saúde Bucal",
        "contatos":[
          {
            "tel_num": "5548988584967" ,
            "tel_icon": "zap"
          }
        ],
        "email": "odontocstapera@gmail.com"
      }
    ],
    "servicos": [
      {
        "descricao": "Dúvidas gerais",
        "contatos": [
          {
            "tel_num": "554833370289",
            "tel_icon": "zap"
          }
        ]
      },
      {
        "descricao": "Recepção",
        "contatos": [
          {
            "tel_num": "33370289",
            "tel_icon": "tel"
          }
        ]
      }
    ],
    "social": [
      {
        "rede":"linktree",
        "link":"https://linktr.ee/cstapera"
      },
      {
        "rede":"facebook",
        "link":"https://www.facebook.com/cstapera"
      },
      {
        "rede":"instagram",
        "link":"https://www.instagram.com/centrodesaudetapera/"
      }
    ]
  },
  {
    "nome": "Trindade",
    "tipoUnidade":"cs",
    "endereco": "https://goo.gl/maps/EpQuhVt12HsVKrGg9",
    "zapCadastro": "554832349577",
    "emailCoord": "cstrindade.pmf@gmail.com",
    "equipes": [
      {
        "idEquipe": "850",
        "cor":"Azul",
        "contatos": [
          {
            "tel_num": "5548988281725",
            "tel_icon": "zap"
          }
        ],
        "email": "cstrindade850.pmf@gmail.com"
      },
      {
        "idEquipe": "851",
        "cor":"Verde",
        "contatos": [
          {
            "tel_num": "5548988285795",
            "tel_icon": "zap"
          }
        ],
        "email": "cstrindade851@gmail.com"
      },
      {
        "idEquipe": "852",
        "cor":"Roxa",
        "contatos": [
          {
            "tel_num": "5548988378349",
            "tel_icon": "zap"
          }
        ],
        "email": "cstrindade852@gmail.com"
      },
      {
        "idEquipe": "853",
        "cor":"Rosa",
        "contatos": [
          {
            "tel_num": "5548988291965",
            "tel_icon": "zap"
          }
        ],
        "email": "cstrindade853@gmail.com"
      },
      {
        "idEquipe": "854",
        "cor":"Laranja",
        "contatos": [
          {
            "tel_num": "5548988294933",
            "tel_icon": "zap"
          }
        ],
        "email": "cstrindade854.pmf@gmail.com"
      },
      {
        "idEquipe": "855",
        "cor":"Vermelha",
        "contatos": [
          {
            "tel_num": "5548988328073",
            "tel_icon": "zap"
          }
        ],
        "email": "cstrindade855@gmail.com"
      },
      {
        "descricao": "Saúde Bucal (áreas 851,853 e 855)",
        "contatos":[
          {
            "tel_num": "5548988362914" ,
            "tel_icon": "zap"
          }
        ]
      }
    ],
    "servicos": [
      {
        "descricao": "Dúvidas gerais",
        "contatos": [
          {
            "tel_num": "554832349577",
            "tel_icon": "zap"
          }
        ]
      },
      {
        "descricao": "Recepção",
        "contatos": [
          {
            "tel_num": "32349577",
            "tel_icon": "tel"
          }
        ]
      },
      {
        "descricao": "Agendamento de vacinas",
        "contatos": [
          {
            "tel_num": "554832340177",
            "tel_icon": "zap"
          }
        ]
      }
    ],
    "social": [
      {
        "rede":"linktree",
        "link":"https://linktr.ee/cstrindade"
      },
      {
        "rede":"instagram",
        "link":"https://www.instagram.com/cstrindadefloripa"
      }
    ]
  },
  {
    "nome": "Upa Continente",
    "tipoUnidade":"upa",
    "endereco": "https://goo.gl/maps/bTrGy2eGWUHFu78FA",
    "equipes": [
      {
        "descricao": "Recepção",
        "contatos": [
          {
            "tel_num": "32610606",
            "tel_icon": "tel"
          }
        ]
      }
    ]
  },
  {
    "nome": "Upa Norte",
    "tipoUnidade":"upa",
    "endereco": "https://goo.gl/maps/YPjcyyKZ4hCqDeG17",
    "equipes": [
      {
        "descricao": "Recepção",
        "contatos": [
          {
            "tel_num": "32610624",
            "tel_icon": "tel"
          }
        ]
      }
    ]
  },
  {
    "nome": "Upa Sul",
    "tipoUnidade":"upa",
    "endereco": "https://goo.gl/maps/DSpahp2FuixJjFv47",
    "equipes": [
      {
        "descricao": "Recepção",
        "contatos": [
          {
            "tel_num": "32391701",
            "tel_icon": "tel"
          }
        ]
      }
    ]
  },
  {
    "nome": "Vargem Grande",
    "tipoUnidade":"cs",
    "endereco": "https://g.page/CSVARGEMGRANDE?share",
    "zapCadastro": "554832695034",
    "emailCoord": "csvargemgrande@gmail.com",
    "equipes": [
      {
        "idEquipe": "410",
        "cor":"Laranja",
        "contatos": [
          {
            "tel_num": "5548988295051",
            "tel_icon": "zap"
          }
        ],
        "email": "csvargemgrande410@gmail.com"
      },
      {
        "idEquipe": "411",
        "cor":"Verde",
        "contatos": [
          {
            "tel_num": "5548988297251",
            "tel_icon": "zap"
          }
        ],
        "email": "csvargemgrande411@gmail.com"
      },
      {
        "descricao": "Saúde Bucal",
        "contatos":[
          {
            "tel_num": "554832666293" ,
            "tel_icon": "zap"
          }
        ]
      }
    ],
    "servicos": [
      {
        "descricao": "Dúvidas gerais",
        "contatos": [
          {
            "tel_num": "554832695034",
            "tel_icon": "zap"
          }
        ]
      },
      {
        "descricao": "Recepção",
        "contatos": [
          {
            "tel_num": "32695034",
            "tel_icon": "tel"
          }
        ]
      }
    ],
    "social": [
      {
        "rede":"linktree",
        "link":"https://linktr.ee/csvargemgrande"
      }
    ]
  },
  {
    "nome": "Vargem Pequena",
    "tipoUnidade":"cs",
    "endereco": "https://g.page/csvargempequena?share",
    "zapCadastro": "5548988088205",
    "emailCoord": "csvargempequena@gmail.com",
    "equipes": [
      {
        "idEquipe": "340",
        "cor":"Verde",
        "contatos": [
          {
            "tel_num": "5548988088205",
            "tel_icon": "zap"
          }
        ],
        "email": "csvargempequena340@gmail.com"
      }
    ],
    "servicos": [
      {
        "descricao": "Dúvidas gerais",
        "contatos": [
          {
            "tel_num": "5548988088205",
            "tel_icon": "zap"
          }
        ]
      },
      {
        "descricao": "Recepção",
        "contatos": [
          {
            "tel_num": "32695898",
            "tel_icon": "tel"
          }
        ]
      }
    ],
    "social": [
      {
        "rede":"linktree",
        "link":"https://linktr.ee/csvargempequena"
      },
      {
        "rede":"instagram",
        "link":"https://www.instagram.com/csvargempequena/?hl=pt-br"
      }
    ]
  },
  {
    "nome": "Vila Aparecida",
    "idCs": "true",
    "endereco": "https://g.page/csvilaaparecida?share",
    "zapCadastro": "554832481611",
    "linkCadastro":"https://docs.google.com/forms/d/1ZfHLctf429ceh5Koiy21h0MeCaIMgM77vzcqpTRaI7k/viewform?edit_requested=true",
    "emailCoord": "coordenacaocsvila@gmail.com",
    "equipes": [
      {
        "idEquipe": "90",
        "cor":"Rosa",
        "contatos": [
          {
            "tel_num": "5548988166963",
            "tel_icon": "zap"
          }
        ],
        "email": "csvilaaparecida090.pmf@gmail.com"
      },
      {
        "idEquipe": "91",
        "cor":"Laranja",
        "contatos": [
          {
            "tel_num": "5548988168197",
            "tel_icon": "zap"
          }
        ],
        "email": "csvilaaparecida091.pmf@gmail.com"
      }
    ],
    "servicos": [
      {
        "descricao": "Dúvidas gerais",
        "contatos": [
          {
            "tel_num": "554832481611",
            "tel_icon": "zap"
          }
        ]
      },
      {
        "descricao": "Recepção",
        "contatos": [
          {
            "tel_num": "32495844",
            "tel_icon": "tel"
          }
        ]
      }
    ],
    "social": [
      {
        "rede":"linktree",
        "link":"https://linktr.ee/CSVilaAparecida"
      }
    ]
  }


  ]














































































































































